{
    "name": "root",
    "gauges": {
        "RacingCar.Policy.Entropy.mean": {
            "value": 0.702373206615448,
            "min": 0.702373206615448,
            "max": 1.0038405656814575,
            "count": 211
        },
        "RacingCar.Policy.Entropy.sum": {
            "value": 3603.174560546875,
            "min": 3512.85791015625,
            "max": 5147.9794921875,
            "count": 211
        },
        "RacingCar.Environment.EpisodeLength.mean": {
            "value": 561.8888888888889,
            "min": 43.09375,
            "max": 999.0,
            "count": 211
        },
        "RacingCar.Environment.EpisodeLength.sum": {
            "value": 5057.0,
            "min": 657.0,
            "max": 9902.0,
            "count": 211
        },
        "RacingCar.Step.mean": {
            "value": 4159984.0,
            "min": 3109988.0,
            "max": 4159984.0,
            "count": 211
        },
        "RacingCar.Step.sum": {
            "value": 4159984.0,
            "min": 3109988.0,
            "max": 4159984.0,
            "count": 211
        },
        "RacingCar.Policy.ExtrinsicValueEstimate.mean": {
            "value": 3.5655882358551025,
            "min": 0.004312483593821526,
            "max": 3.5655882358551025,
            "count": 211
        },
        "RacingCar.Policy.ExtrinsicValueEstimate.sum": {
            "value": 574.0596923828125,
            "min": 0.6770599484443665,
            "max": 574.0596923828125,
            "count": 211
        },
        "RacingCar.Policy.CuriosityValueEstimate.mean": {
            "value": 0.4341622591018677,
            "min": 0.4198739528656006,
            "max": 0.7715861201286316,
            "count": 211
        },
        "RacingCar.Policy.CuriosityValueEstimate.sum": {
            "value": 69.9001235961914,
            "min": 61.491825103759766,
            "max": 162.0330810546875,
            "count": 211
        },
        "RacingCar.Environment.CumulativeReward.mean": {
            "value": 216.77777908907996,
            "min": 0.9000000432133675,
            "max": 222.55999999046327,
            "count": 211
        },
        "RacingCar.Environment.CumulativeReward.sum": {
            "value": 1951.0000118017197,
            "min": 0.9000000432133675,
            "max": 2878.5000121593475,
            "count": 211
        },
        "RacingCar.Policy.ExtrinsicReward.mean": {
            "value": 216.77777908907996,
            "min": 0.9000000432133675,
            "max": 222.55999999046327,
            "count": 211
        },
        "RacingCar.Policy.ExtrinsicReward.sum": {
            "value": 1951.0000118017197,
            "min": 0.9000000432133675,
            "max": 2878.5000121593475,
            "count": 211
        },
        "RacingCar.Policy.CuriosityReward.mean": {
            "value": 0.9287673307375776,
            "min": 0.0,
            "max": 5.205962166190147,
            "count": 211
        },
        "RacingCar.Policy.CuriosityReward.sum": {
            "value": 8.358905976638198,
            "min": 0.0,
            "max": 54.01224994380027,
            "count": 211
        },
        "RacingCar.IsTraining.mean": {
            "value": 1.0,
            "min": 1.0,
            "max": 1.0,
            "count": 211
        },
        "RacingCar.IsTraining.sum": {
            "value": 1.0,
            "min": 1.0,
            "max": 1.0,
            "count": 211
        },
        "RacingCar.Losses.PolicyLoss.mean": {
            "value": 0.02336589904734865,
            "min": 0.02149622919225496,
            "max": 0.027741439805443708,
            "count": 21
        },
        "RacingCar.Losses.PolicyLoss.sum": {
            "value": 0.02336589904734865,
            "min": 0.02149622919225496,
            "max": 0.027741439805443708,
            "count": 21
        },
        "RacingCar.Losses.ValueLoss.mean": {
            "value": 0.19058390789561802,
            "min": 0.008533903850345977,
            "max": 0.23693367207629812,
            "count": 21
        },
        "RacingCar.Losses.ValueLoss.sum": {
            "value": 0.19058390789561802,
            "min": 0.008533903850345977,
            "max": 0.23693367207629812,
            "count": 21
        },
        "RacingCar.Policy.LearningRate.mean": {
            "value": 0.00017529493156837004,
            "min": 0.00017529493156837004,
            "max": 0.00020531094156303,
            "count": 21
        },
        "RacingCar.Policy.LearningRate.sum": {
            "value": 0.00017529493156837004,
            "min": 0.00017529493156837004,
            "max": 0.00020531094156303,
            "count": 21
        },
        "RacingCar.Policy.Epsilon.mean": {
            "value": 0.15843163000000002,
            "min": 0.15843163000000002,
            "max": 0.16843697000000002,
            "count": 21
        },
        "RacingCar.Policy.Epsilon.sum": {
            "value": 0.15843163000000002,
            "min": 0.15843163000000002,
            "max": 0.16843697000000002,
            "count": 21
        },
        "RacingCar.Policy.Beta.mean": {
            "value": 0.0029257383370000006,
            "min": 0.0029257383370000006,
            "max": 0.0034250048030000013,
            "count": 21
        },
        "RacingCar.Policy.Beta.sum": {
            "value": 0.0029257383370000006,
            "min": 0.0029257383370000006,
            "max": 0.0034250048030000013,
            "count": 21
        },
        "RacingCar.Losses.CuriosityForwardLoss.mean": {
            "value": 0.08706059550038642,
            "min": 0.08399404207658437,
            "max": 0.4526515650666422,
            "count": 21
        },
        "RacingCar.Losses.CuriosityForwardLoss.sum": {
            "value": 0.08706059550038642,
            "min": 0.08399404207658437,
            "max": 0.4526515650666422,
            "count": 21
        },
        "RacingCar.Losses.CuriosityInverseLoss.mean": {
            "value": 0.4936895825796657,
            "min": 0.4936895825796657,
            "max": 0.777207027706835,
            "count": 21
        },
        "RacingCar.Losses.CuriosityInverseLoss.sum": {
            "value": 0.4936895825796657,
            "min": 0.4936895825796657,
            "max": 0.777207027706835,
            "count": 21
        }
    },
    "metadata": {
        "timer_format_version": "0.1.0",
        "start_time_seconds": "1669824395",
        "python_version": "3.7.13 (default, Oct 19 2022, 10:19:43) [MSC v.1916 64 bit (AMD64)]",
        "command_line_arguments": "E:\\Some Programs\\envs\\unity\\Scripts\\mlagents-learn .\\RacingCar.yaml --run-id=Run 11/29 v12 --resume",
        "mlagents_version": "0.28.0",
        "mlagents_envs_version": "0.28.0",
        "communication_protocol_version": "1.5.0",
        "pytorch_version": "1.7.1+cu110",
        "numpy_version": "1.21.6",
        "end_time_seconds": "1669826057"
    },
    "total": 1662.2041857000002,
    "count": 1,
    "self": 0.005555500000355096,
    "children": {
        "run_training.setup": {
            "total": 0.18283449999999934,
            "count": 1,
            "self": 0.18283449999999934
        },
        "TrainerController.start_learning": {
            "total": 1662.0157957,
            "count": 1,
            "self": 3.8079860000318604,
            "children": {
                "TrainerController._reset_env": {
                    "total": 6.834649800000001,
                    "count": 1,
                    "self": 6.834649800000001
                },
                "TrainerController.advance": {
                    "total": 1651.303188399968,
                    "count": 123057,
                    "self": 1.8588219999983266,
                    "children": {
                        "env_step": {
                            "total": 1649.4443663999696,
                            "count": 123057,
                            "self": 1426.7497937000308,