{"count":1,"self":2231.522304,"total":11220.141995599999,"children":{"InitializeActuators":{"count":9,"self":0.0016833,"total":0.0016833,"children":null},"InitializeSensors":{"count":9,"self":0.0010023999999999999,"total":0.0010023999999999999,"children":null},"AgentSendState":{"count":3966801,"self":262.8475136,"total":924.37142039999992,"children":{"CollectObservations":{"count":7140249,"self":571.2664576,"total":571.26643749999994,"children":null},"WriteActionMask":{"count":7140249,"self":3.4144672,"total":3.4144671,"children":null},"RequestDecision":{"count":7140249,"self":13.9386944,"total":86.8430003,"children":{"AgentInfo.ToProto":{"count":7140249,"self":13.8950672,"total":72.904306699999992,"children":{"GenerateSensorData":{"count":7140249,"self":46.6552544,"total":59.009238999999994,"children":{"RayPerceptionSensor.Perceive":{"count":7140249,"self":12.353983999999999,"total":12.3539842,"children":null}}}}}}}}},"DecideAction":{"count":3966801,"self":7999.6051456,"total":7999.6050802,"children":null},"AgentAct":{"count":3966801,"self":63.387808,"total":63.3878091,"children":null},"AgentInfo.ToProto":{"count":61185,"self":0.3052727,"total":1.2516486,"children":{"GenerateSensorData":{"count":61185,"self":0.76350699999999994,"total":0.94637589999999994,"children":{"RayPerceptionSensor.Perceive":{"count":61185,"self":0.1828689,"total":0.1828689,"children":null}}}}}},"gauges":{"RacingCar.CumulativeReward":{"count":61185,"max":3.599998,"min":-1.9,"runningAverage":0.6986405,"value":0.8000003,"weightedAverage":0.8555813}},"metadata":{"timer_format_version":"0.1.0","start_time_seconds":"1669826320","unity_version":"2021.3.12f1","command_line_arguments":"C:\\Program Files\\Unity\\Hub\\Editor\\2021.3.12f1\\Editor\\Unity.exe -projectpath E:\\5. Felev\\BevMegTan\\Project Game\\racingML\\Racing game 2 -useHub -hubIPC -cloudEnvironment production -licensingIpc LicenseClient-ruben -hubSessionId b8ac3610-70c7-11ed-b9c4-8b1b9a5f307b -accessToken r7-HNRItPc3fowQFY4SpWVLQL1xijfrkvCs7GP_tqLE007f","communication_protocol_version":"1.5.0","com.unity.ml-agents_version":"2.0.1","scene_name":"SampleScene","end_time_seconds":"1669837540"}}