{
    "name": "root",
    "gauges": {
        "RacingCar.Policy.Entropy.mean": {
            "value": 0.2104930877685547,
            "min": 0.2104930728673935,
            "max": 1.4275718927383423,
            "count": 1428
        },
        "RacingCar.Policy.Entropy.sum": {
            "value": 1057.0963134765625,
            "min": 1041.940673828125,
            "max": 7208.11083984375,
            "count": 1428
        },
        "RacingCar.Environment.EpisodeLength.mean": {
            "value": 110.05,
            "min": 34.37671232876713,
            "max": 223.3181818181818,
            "count": 1428
        },
        "RacingCar.Environment.EpisodeLength.sum": {
            "value": 4402.0,
            "min": 4358.0,
            "max": 5708.0,
            "count": 1428
        },
        "RacingCar.Step.mean": {
            "value": 7139986.0,
            "min": 4993.0,
            "max": 7139986.0,
            "count": 1428
        },
        "RacingCar.Step.sum": {
            "value": 7139986.0,
            "min": 4993.0,
            "max": 7139986.0,
            "count": 1428
        },
        "RacingCar.Policy.ExtrinsicValueEstimate.mean": {
            "value": -0.005331347230821848,
            "min": -0.1605045050382614,
            "max": 0.07131597399711609,
            "count": 1428
        },
        "RacingCar.Policy.ExtrinsicValueEstimate.sum": {
            "value": -0.932985782623291,
            "min": -32.07864761352539,
            "max": 16.04609489440918,
            "count": 1428
        },
        "RacingCar.Policy.CuriosityValueEstimate.mean": {
            "value": 3.142585039138794,
            "min": 0.013931077904999256,
            "max": 7.630674362182617,
            "count": 1428
        },
        "RacingCar.Policy.CuriosityValueEstimate.sum": {
            "value": 549.952392578125,
            "min": 2.8001465797424316,
            "max": 1320.106689453125,
            "count": 1428
        },
        "RacingCar.Environment.CumulativeReward.mean": {
            "value": 0.7170732023149002,
            "min": -0.49724136529297663,
            "max": 1.0521739591722903,
            "count": 1428
        },
        "RacingCar.Environment.CumulativeReward.sum": {
            "value": 29.400001294910908,
            "min": -72.09999796748161,
            "max": 45.40000206232071,
            "count": 1428
        },
        "RacingCar.Policy.ExtrinsicReward.mean": {
            "value": 0.7170732023149002,
            "min": -0.49724136529297663,
            "max": 1.0521739591722903,
            "count": 1428
        },
        "RacingCar.Policy.ExtrinsicReward.sum": {
            "value": 29.400001294910908,
            "min": -72.09999796748161,
            "max": 45.40000206232071,
            "count": 1428
        },
        "RacingCar.Policy.CuriosityReward.mean": {
            "value": 0.18080098670907319,
            "min": 0.0,
            "max": 2.450382718831421,
            "count": 1428
        },
        "RacingCar.Policy.CuriosityReward.sum": {
            "value": 7.412840455072001,
            "min": 0.0,
            "max": 96.29110322892666,
            "count": 1428
        },
        "RacingCar.IsTraining.mean": {
            "value": 1.0,
            "min": 1.0,
            "max": 1.0,
            "count": 1428
        },
        "RacingCar.IsTraining.sum": {
            "value": 1.0,
            "min": 1.0,
            "max": 1.0,
            "count": 1428
        },
        "RacingCar.Losses.PolicyLoss.mean": {
            "value": 0.026628138609036494,
            "min": 0.020818063376888556,
            "max": 0.028944758525338128,
            "count": 142
        },
        "RacingCar.Losses.PolicyLoss.sum": {
            "value": 0.026628138609036494,
            "min": 0.020818063376888556,
            "max": 0.028944758525338128,
            "count": 142
        },
        "RacingCar.Losses.ValueLoss.mean": {
            "value": 0.010363102715928108,
            "min": 0.002501253602935726,
            "max": 0.20731285711129507,
            "count": 142
        },
        "RacingCar.Losses.ValueLoss.sum": {
            "value": 0.010363102715928108,
            "min": 0.002501253602935726,
            "max": 0.20731285711129507,
            "count": 142
        },
        "RacingCar.Policy.LearningRate.mean": {
            "value": 8.689507103499997e-05,
            "min": 8.689507103499997e-05,
            "max": 0.00029849931050023,
            "count": 142
        },
        "RacingCar.Policy.LearningRate.sum": {
            "value": 8.689507103499997e-05,
            "min": 8.689507103499997e-05,
            "max": 0.00029849931050023,
            "count": 142
        },
        "RacingCar.Policy.Epsilon.mean": {
            "value": 0.128965,
            "min": 0.128965,
            "max": 0.19949977000000005,
            "count": 142
        },
        "RacingCar.Policy.Epsilon.sum": {
            "value": 0.128965,
            "min": 0.128965,
            "max": 0.19949977000000005,
            "count": 142
        },
        "RacingCar.Policy.Beta.mean": {
            "value": 0.0014553534999999997,
            "min": 0.0014553534999999997,
            "max": 0.004975038522999999,
            "count": 142
        },
        "RacingCar.Policy.Beta.sum": {
            "value": 0.0014553534999999997,
            "min": 0.0014553534999999997,
            "max": 0.004975038522999999,
            "count": 142
        },
        "RacingCar.Losses.CuriosityForwardLoss.mean": {
            "value": 0.07827219796470469,
            "min": 0.07063293858017358,
            "max": 7.170768064757188,
            "count": 142
        },
        "RacingCar.Losses.CuriosityForwardLoss.sum": {
            "value": 0.07827219796470469,
            "min": 0.07063293858017358,
            "max": 7.170768064757188,
            "count": 142
        },
        "RacingCar.Losses.CuriosityInverseLoss.mean": {
            "value": 0.27440056504888666,
            "min": 0.27440056504888666,
            "max": 1.7440736550423834,
            "count": 142
        },
        "RacingCar.Losses.CuriosityInverseLoss.sum": {
            "value": 0.27440056504888666,
            "min": 0.27440056504888666,
            "max": 1.7440736550423834,
            "count": 142
        }
    },
    "metadata": {
        "timer_format_version": "0.1.0",
        "start_time_seconds": "1669826316",
        "python_version": "3.7.13 (default, Oct 19 2022, 10:19:43) [MSC v.1916 64 bit (AMD64)]",
        "command_line_arguments": "E:\\Some Programs\\envs\\unity\\Scripts\\mlagents-learn .\\RacingCar.yaml --run-id=Run 11/30 v2",
        "mlagents_version": "0.28.0",
        "mlagents_envs_version": "0.28.0",
        "communication_protocol_version": "1.5.0",
        "pytorch_version": "1.7.1+cu110",
        "numpy_version": "1.21.6",
        "end_time_seconds": "1669837540"
    },
    "total": 11224.1567545,
    "count": 1,
    "self": 0.006744199999957345,
    "children": {
        "run_training.setup": {
            "total": 0.08060170000000011,
            "count": 1,
            "self": 0.08060170000000011
        },
        "TrainerController.start_learning": {
            "total": 11224.0694086,
            "count": 1,
            "self": 24.50735939985134,
            "children": {
                "TrainerController._reset_env": {
                    "total": 4.239997499999999,
                    "count": 1,
                    "self": 4.239997499999999
                },
                "TrainerController.advance": {
                    "total": 11195.24434780015,
                    "count": 841872,
                    "self": 12.384676499561465,
                    "children": {
                        "env_step": {
                            "total": 11182.859671300588,
                            "count": 841872,
                            "self": 9716.869009900998,