{
    "name": "root",
    "gauges": {
        "RacingCar.Policy.Entropy.mean": {
            "value": 0.7625446319580078,
            "min": 0.7625446319580078,
            "max": 1.1464329957962036,
            "count": 348
        },
        "RacingCar.Policy.Entropy.sum": {
            "value": 3891.265380859375,
            "min": 990.5180053710938,
            "max": 5850.2470703125,
            "count": 348
        },
        "RacingCar.IsTraining.mean": {
            "value": 1.0,
            "min": 1.0,
            "max": 1.0,
            "count": 348
        },
        "RacingCar.IsTraining.sum": {
            "value": 1.0,
            "min": 1.0,
            "max": 1.0,
            "count": 348
        },
        "RacingCar.Step.mean": {
            "value": 3234999.0,
            "min": 1504978.0,
            "max": 3234999.0,
            "count": 347
        },
        "RacingCar.Step.sum": {
            "value": 3234999.0,
            "min": 1504978.0,
            "max": 3234999.0,
            "count": 347
        },
        "RacingCar.Policy.ExtrinsicValueEstimate.mean": {
            "value": 0.017379503697156906,
            "min": -0.01144963689148426,
            "max": 0.0809999406337738,
            "count": 347
        },
        "RacingCar.Policy.ExtrinsicValueEstimate.sum": {
            "value": 2.7807207107543945,
            "min": -1.9006397724151611,
            "max": 12.635991096496582,
            "count": 347
        },
        "RacingCar.Policy.CuriosityValueEstimate.mean": {
            "value": 0.12875306606292725,
            "min": 0.09266741573810577,
            "max": 0.14679645001888275,
            "count": 347
        },
        "RacingCar.Policy.CuriosityValueEstimate.sum": {
            "value": 20.60049057006836,
            "min": 15.290122985839844,
            "max": 23.4874324798584,
            "count": 347
        },
        "RacingCar.Environment.EpisodeLength.mean": {
            "value": 950.0,
            "min": 276.3,
            "max": 999.0,
            "count": 346
        },
        "RacingCar.Environment.EpisodeLength.sum": {
            "value": 3800.0,
            "min": 1071.0,
            "max": 9127.0,
            "count": 346
        },
        "RacingCar.Environment.CumulativeReward.mean": {
            "value": 2.725000075995922,
            "min": 0.5000000322858492,
            "max": 7.8000001683831215,
            "count": 346
        },
        "RacingCar.Environment.CumulativeReward.sum": {
            "value": 10.900000303983688,
            "min": 1.3000000640749931,
            "max": 51.40000130981207,
            "count": 346
        },
        "RacingCar.Policy.ExtrinsicReward.mean": {
            "value": 2.725000075995922,
            "min": 0.5000000322858492,
            "max": 7.8000001683831215,
            "count": 346
        },
        "RacingCar.Policy.ExtrinsicReward.sum": {
            "value": 10.900000303983688,
            "min": 1.3000000640749931,
            "max": 51.40000130981207,
            "count": 346
        },
        "RacingCar.Policy.CuriosityReward.mean": {
            "value": 1.3027273898405838,
            "min": 0.0,
            "max": 1.7848688699887134,
            "count": 346
        },
        "RacingCar.Policy.CuriosityReward.sum": {
            "value": 5.210909559362335,
            "min": 0.0,
            "max": 13.678090027329745,
            "count": 346
        },
        "RacingCar.Losses.PolicyLoss.mean": {
            "value": 0.023049477927593723,
            "min": 0.021870136898036838,
            "max": 0.027816894863564003,
            "count": 34
        },
        "RacingCar.Losses.PolicyLoss.sum": {
            "value": 0.023049477927593723,
            "min": 0.021870136898036838,
            "max": 0.027816894863564003,
            "count": 34
        },
        "RacingCar.Losses.ValueLoss.mean": {
            "value": 0.0005699430143471949,
            "min": 0.0005699430143471949,
            "max": 0.0036930144188873884,
            "count": 34
        },
        "RacingCar.Losses.ValueLoss.sum": {
            "value": 0.0005699430143471949,
            "min": 0.0005699430143471949,
            "max": 0.0036930144188873884,
            "count": 34
        },
        "RacingCar.Policy.LearningRate.mean": {
            "value": 0.00020396739201087994,
            "min": 0.00020396739201087994,
            "max": 0.00025349953550015997,
            "count": 34
        },
        "RacingCar.Policy.LearningRate.sum": {
            "value": 0.00020396739201087994,
            "min": 0.00020396739201087994,
            "max": 0.00025349953550015997,
            "count": 34
        },
        "RacingCar.Policy.Epsilon.mean": {
            "value": 0.16798912,
            "min": 0.16798912,
            "max": 0.18449984,
            "count": 34
        },
        "RacingCar.Policy.Epsilon.sum": {
            "value": 0.16798912,
            "min": 0.16798912,
            "max": 0.18449984,
            "count": 34
        },
        "RacingCar.Policy.Beta.mean": {
            "value": 0.003402657088,
            "min": 0.003402657088,
            "max": 0.004226542016000001,
            "count": 34
        },
        "RacingCar.Policy.Beta.sum": {
            "value": 0.003402657088,
            "min": 0.003402657088,
            "max": 0.004226542016000001,
            "count": 34
        },
        "RacingCar.Losses.CuriosityForwardLoss.mean": {
            "value": 0.05978093042762743,
            "min": 0.05978093042762743,
            "max": 0.0799567109077341,
            "count": 34
        },
        "RacingCar.Losses.CuriosityForwardLoss.sum": {
            "value": 0.05978093042762743,
            "min": 0.05978093042762743,
            "max": 0.0799567109077341,
            "count": 34
        },
        "RacingCar.Losses.CuriosityInverseLoss.mean": {
            "value": 0.6020039257903894,
            "min": 0.6012428854074743,
            "max": 1.2307708147499297,
            "count": 34
        },
        "RacingCar.Losses.CuriosityInverseLoss.sum": {
            "value": 0.6020039257903894,
            "min": 0.6012428854074743,
            "max": 1.2307708147499297,
            "count": 34
        }
    },
    "metadata": {
        "timer_format_version": "0.1.0",
        "start_time_seconds": "1669903258",
        "python_version": "3.7.13 (default, Mar 28 2022, 08:03:21) [MSC v.1916 64 bit (AMD64)]",
        "command_line_arguments": "C:\\Users\\hallgato\\.conda\\envs\\unity\\Scripts\\mlagents-learn .\\RacingCar.yaml --run-id=Run 12/01 --resume",
        "mlagents_version": "0.28.0",
        "mlagents_envs_version": "0.28.0",
        "communication_protocol_version": "1.5.0",
        "pytorch_version": "1.7.1+cu110",
        "numpy_version": "1.21.6",
        "end_time_seconds": "1669904881"
    },
    "total": 1624.6774722,
    "count": 1,
    "self": 0.005472100000133651,
    "children": {
        "run_training.setup": {
            "total": 0.06598700000000002,
            "count": 1,
            "self": 0.06598700000000002
        },
        "TrainerController.start_learning": {
            "total": 1624.6060131,
            "count": 1,
            "self": 1.5225009000043883,
            "children": {
                "TrainerController._reset_env": {
                    "total": 6.8320449000000005,
                    "count": 1,
                    "self": 6.8320449000000005
                },
                "TrainerController.advance": {
                    "total": 1616.1712775999956,
                    "count": 66727,
                    "self": 0.8048463000104675,
                    "children": {
                        "env_step": {
                            "total": 1615.3664312999852,
                            "count": 66727,
                            "self": 1454.436537799982,