{
    "name": "root",
    "gauges": {
        "RacingCar.Policy.Entropy.mean": {
            "value": 1.2542622089385986,
            "min": 1.2542622089385986,
            "max": 1.4189385175704956,
            "count": 273
        },
        "RacingCar.Policy.Entropy.sum": {
            "value": 6355.3466796875,
            "min": 6231.1748046875,
            "max": 7164.220703125,
            "count": 273
        },
        "RacingCar.Environment.EpisodeLength.mean": {
            "value": 165.1,
            "min": 9.953947368421053,
            "max": 166.0344827586207,
            "count": 273
        },
        "RacingCar.Environment.EpisodeLength.sum": {
            "value": 4953.0,
            "min": 4515.0,
            "max": 5336.0,
            "count": 273
        },
        "RacingCar.Step.mean": {
            "value": 1364972.0,
            "min": 4986.0,
            "max": 1364972.0,
            "count": 273
        },
        "RacingCar.Step.sum": {
            "value": 1364972.0,
            "min": 4986.0,
            "max": 1364972.0,
            "count": 273
        },
        "RacingCar.Policy.ExtrinsicValueEstimate.mean": {
            "value": -0.08336334675550461,
            "min": -0.42017796635627747,
            "max": 0.042213838547468185,
            "count": 273
        },
        "RacingCar.Policy.ExtrinsicValueEstimate.sum": {
            "value": -14.421858787536621,
            "min": -143.89453125,
            "max": 19.038440704345703,
            "count": 273
        },
        "RacingCar.Policy.CuriosityValueEstimate.mean": {
            "value": 0.1340685933828354,
            "min": 0.012346846982836723,
            "max": 0.13600629568099976,
            "count": 273
        },
        "RacingCar.Policy.CuriosityValueEstimate.sum": {
            "value": 23.193866729736328,
            "min": 5.630162239074707,
            "max": 28.379287719726562,
            "count": 273
        },
        "RacingCar.Environment.CumulativeReward.mean": {
            "value": -0.14999997889002165,
            "min": -0.6432017508828849,
            "max": 0.01081084117696092,
            "count": 273
        },
        "RacingCar.Environment.CumulativeReward.sum": {
            "value": -4.499999366700649,
            "min": -293.2999984025955,
            "max": 0.400001123547554,
            "count": 273
        },
        "RacingCar.Policy.ExtrinsicReward.mean": {
            "value": -0.14999997889002165,
            "min": -0.6432017508828849,
            "max": 0.01081084117696092,
            "count": 273
        },
        "RacingCar.Policy.ExtrinsicReward.sum": {
            "value": -4.499999366700649,
            "min": -293.2999984025955,
            "max": 0.400001123547554,
            "count": 273
        },
        "RacingCar.Policy.CuriosityReward.mean": {
            "value": 0.26287723616696895,
            "min": 0.0,
            "max": 0.28443034199036415,
            "count": 273
        },
        "RacingCar.Policy.CuriosityReward.sum": {
            "value": 7.886317085009068,
            "min": 0.0,
            "max": 14.895725254435092,
            "count": 273
        },
        "RacingCar.IsTraining.mean": {
            "value": 1.0,
            "min": 1.0,
            "max": 1.0,
            "count": 273
        },
        "RacingCar.IsTraining.sum": {
            "value": 1.0,
            "min": 1.0,
            "max": 1.0,
            "count": 273
        },
        "RacingCar.Losses.PolicyLoss.mean": {
            "value": 0.026186223073940102,
            "min": 0.022578781538565334,
            "max": 0.029254476167908352,
            "count": 27
        },
        "RacingCar.Losses.PolicyLoss.sum": {
            "value": 0.026186223073940102,
            "min": 0.022578781538565334,
            "max": 0.029254476167908352,
            "count": 27
        },
        "RacingCar.Losses.ValueLoss.mean": {
            "value": 0.007280562441640844,
            "min": 0.0047095945628825575,
            "max": 0.038784497326964304,
            "count": 27
        },
        "RacingCar.Losses.ValueLoss.sum": {
            "value": 0.007280562441640844,
            "min": 0.0047095945628825575,
            "max": 0.038784497326964304,
            "count": 27
        },
        "RacingCar.Policy.LearningRate.mean": {
            "value": 8.649594350407002e-05,
            "min": 8.649594350407002e-05,
            "max": 9.949994050005998e-05,
            "count": 27
        },
        "RacingCar.Policy.LearningRate.sum": {
            "value": 8.649594350407002e-05,
            "min": 8.649594350407002e-05,
            "max": 9.949994050005998e-05,
            "count": 27
        },
        "RacingCar.Policy.Epsilon.mean": {
            "value": 0.18649593,
            "min": 0.18649593,
            "max": 0.19949994,
            "count": 27
        },
        "RacingCar.Policy.Epsilon.sum": {
            "value": 0.18649593,
            "min": 0.18649593,
            "max": 0.19949994,
            "count": 27
        },
        "RacingCar.Policy.Beta.mean": {
            "value": 0.004326146907,
            "min": 0.004326146907,
            "max": 0.004975047006,
            "count": 27
        },
        "RacingCar.Policy.Beta.sum": {
            "value": 0.004326146907,
            "min": 0.004326146907,
            "max": 0.004975047006,
            "count": 27
        },
        "RacingCar.Losses.CuriosityForwardLoss.mean": {
            "value": 0.08620103417585294,
            "min": 0.08047737512323591,
            "max": 0.44379226283894646,
            "count": 27
        },
        "RacingCar.Losses.CuriosityForwardLoss.sum": {
            "value": 0.08620103417585294,
            "min": 0.08047737512323591,
            "max": 0.44379226283894646,
            "count": 27
        },
        "RacingCar.Losses.CuriosityInverseLoss.mean": {
            "value": 0.6208747099671099,
            "min": 0.5709190412114064,
            "max": 1.2253695643610425,
            "count": 27
        },
        "RacingCar.Losses.CuriosityInverseLoss.sum": {
            "value": 0.6208747099671099,
            "min": 0.5709190412114064,
            "max": 1.2253695643610425,
            "count": 27
        }
    },
    "metadata": {
        "timer_format_version": "0.1.0",
        "start_time_seconds": "1669746180",
        "python_version": "3.7.13 (default, Oct 19 2022, 10:19:43) [MSC v.1916 64 bit (AMD64)]",
        "command_line_arguments": "E:\\Some Programs\\envs\\unity\\Scripts\\mlagents-learn .\\RacingCar.yaml --run-id=Run 11/29 v5",
        "mlagents_version": "0.28.0",
        "mlagents_envs_version": "0.28.0",
        "communication_protocol_version": "1.5.0",
        "pytorch_version": "1.7.1+cu110",
        "numpy_version": "1.21.6",
        "end_time_seconds": "1669748562"
    },
    "total": 2382.4035922000003,
    "count": 1,
    "self": 0.005696800000350777,
    "children": {
        "run_training.setup": {
            "total": 0.07254530000000003,
            "count": 1,
            "self": 0.07254530000000003
        },
        "TrainerController.start_learning": {
            "total": 2382.3253501,
            "count": 1,
            "self": 5.881430599968553,
            "children": {
                "TrainerController._reset_env": {
                    "total": 6.7310239,
                    "count": 1,
                    "self": 6.7310239
                },
                "TrainerController.advance": {
                    "total": 2369.642998800032,
                    "count": 188074,
                    "self": 2.91606639996553,
                    "children": {
                        "env_step": {
                            "total": 2366.7269324000663,
                            "count": 188074,
                            "self": 2022.138812000077,